{"cameraMode":{"drawMode":0,"name":"Shaded","section":"Shading Mode"},"sceneLighting":true,"audioPlay":false,"sceneViewState":{"m_AlwaysRefresh":false,"showFog":true,"showSkybox":true,"showFlares":true,"showImageEffects":true,"showParticleSystems":true,"showVisualEffectGraphs":true,"m_FxEnabled":true},"in2DMode":false,"pivot":{"x":-1.3699266910552979,"y":-10.60700511932373,"z":12.27322769165039},"rotation":{"x":0.30409494042396548,"y":-0.04285428673028946,"z":0.013695173896849156,"w":0.9515860676765442},"size":13.41512680053711,"orthographic":false}